{
  "original_recall": 0.75,
  "original_auprc": 0.7672003073724346,
  "original_f1": 0.8041237113402062,
  "original_precision": 0.8666666666666667,
  "original_roc_auc": 0.9838235294117647,
  "recall_gate": {
    "target": 0.85,
    "status": "FAIL",
    "value": 0.75
  },
  "auprc_gate": {
    "target": 0.7,
    "status": "PASS",
    "value": 0.7672003073724346
  },
  "bootstrap_recall": {
    "mean": 0.7487963631687435,
    "median": 0.75,
    "ci_95": [
      0.625,
      0.8627518130539886
    ]
  },
  "bootstrap_f1": {
    "mean": 0.8017174174341672,
    "ci_95": [
      0.7073170731707317,
      0.8833333333333333
    ]
  },
  "statistical_test": {
    "null_hypothesis": "True Recall < 0.85",
    "p_value": 0.9565,
    "is_significant_05": false,
    "is_significant_01": false
  }
}