{
  "original_f1": 0.8478260869565217,
  "original_precision": 0.975,
  "original_recall": 0.75,
  "bootstrap_f1": {
    "mean": 0.8457592773946484,
    "median": 0.8478260869565217,
    "ci_95": [
      0.7592592592592593,
      0.9195402298850575
    ]
  },
  "statistical_test": {
    "null_hypothesis": "True F1-score <= 0.8041",
    "p_value": 0.1501,
    "is_significant_05": false,
    "is_significant_01": false
  }
}