{
  "original_f1": 0.7722772277227723,
  "original_precision": 0.7959183673469388,
  "original_recall": 0.75,
  "original_roc_auc": 0.9740125470966811,
  "bootstrap_f1": {
    "mean": 0.7698441261227238,
    "median": 0.7722772277227723,
    "ci_95": [
      0.6732673267326733,
      0.8571428571428571
    ]
  },
  "statistical_test": {
    "null_hypothesis": "True F1-score >= 0.8041",
    "p_value": 0.2352,
    "is_significant_05": false,
    "is_significant_01": false
  }
}