{
  "timestamp": "2026-06-07T20:50:51.623120",
  "metrics": {
    "f1_score": 0.8478260869565217,
    "precision": 0.975,
    "recall": 0.75,
    "roc_auc": 0.9738881577761354
  },
  "latency": {
    "mean_ms": 3.0323934000334702,
    "median_ms": 1.8312000029254705,
    "p95_ms": 8.891340000263874,
    "p99_ms": 13.909959986340246,
    "max_ms": 77.34930000151508
  },
  "requirements": {
    "f1_target_met": false,
    "latency_target_met": true
  }
}