{
  "timestamp": "2026-06-07T17:45:32.750000",
  "metrics": {
    "f1_score": 0.851063829787234,
    "precision": 0.8955223880597015,
    "recall": 0.8108108108108109,
    "roc_auc": 0.9818964293500028
  },
  "latency": {
    "mean_ms": 2.213615599932382,
    "median_ms": 1.8789000023389235,
    "p95_ms": 3.6189000165904868,
    "p99_ms": 5.625438976567237,
    "max_ms": 64.38429999980144
  },
  "requirements": {
    "f1_target_met": true,
    "latency_target_met": true
  }
}