{
  "best_params": {
    "num_leaves": 50,
    "max_depth": 10,
    "learning_rate": 0.07587945476302646,
    "min_child_samples": 64,
    "subsample": 0.6624074561769746,
    "colsample_bytree": 0.662397808134481,
    "reg_alpha": 0.5808361216819946,
    "reg_lambda": 8.661761457749352
  },
  "best_f1": 0.9975370643898804,
  "final_metrics": {
    "f1_score": 0.8478260869565217,
    "precision": 0.975,
    "recall": 0.75,
    "roc_auc": 0.9738881577761354,
    "avg_latency": 0.0004897441864013672,
    "latency_95_percentile": 0.002040255069732666,
    "optimal_threshold": 0.7599999999999997
  }
}