{
  "evaluation": {
    "f1_score": 0.7808219178082192,
    "precision": 0.7916666666666666,
    "recall": 0.7702702702702703,
    "roc_auc": 0.9678036928318302,
    "pr_auc": 0.41998037549926687,
    "confusion_matrix": [
      [
        42633,
        15
      ],
      [
        17,
        57
      ]
    ],
    "classification_report": "              precision    recall  f1-score   support\n\n   Non-Fraud       1.00      1.00      1.00     42648\n       Fraud       0.79      0.77      0.78        74\n\n    accuracy                           1.00     42722\n   macro avg       0.90      0.88      0.89     42722\nweighted avg       1.00      1.00      1.00     42722\n"
  },
  "threshold_optimization": {
    "threshold": 0.8799999999999996,
    "f1_score": 0.8275862068965517,
    "precision": 0.8450704225352113,
    "recall": 0.8108108108108109,
    "pr_auc": 0.81836177561407
  },
  "latency": {
    "mean_latency_ms": 2.508591392026574,
    "median_latency_ms": 0.2905209994423785,
    "p95_latency_ms": 13.04235704938036,
    "p99_latency_ms": 19.168362409509427,
    "max_latency_ms": 25.94295100061572,
    "latency_requirement_met": true
  },
  "timestamp": "2025-10-21T15:42:55.507455"
}