{
  "evaluation": {
    "f1_score": 0.8041237113402062,
    "precision": 0.8666666666666667,
    "recall": 0.75,
    "roc_auc": 0.9748122893043212,
    "pr_auc": 0.7471892861803018,
    "confusion_matrix": [
      [
        42664,
        6
      ],
      [
        13,
        39
      ]
    ],
    "classification_report": "              precision    recall  f1-score   support\n\n   Non-Fraud       1.00      1.00      1.00     42670\n       Fraud       0.87      0.75      0.80        52\n\n    accuracy                           1.00     42722\n   macro avg       0.93      0.87      0.90     42722\nweighted avg       1.00      1.00      1.00     42722\n"
  },
  "threshold_optimization": {
    "threshold": 0.7699999999999997,
    "f1_score": 0.8761904761904762,
    "precision": 0.9387755102040817,
    "recall": 0.8214285714285714,
    "pr_auc": 0.8491001313039341
  },
  "latency": {
    "mean_latency_ms": 1.4043090999766719,
    "median_latency_ms": 0.8892000041669235,
    "p95_latency_ms": 3.6343749816296604,
    "p99_latency_ms": 7.553290997166186,
    "max_latency_ms": 53.70839999523014,
    "latency_requirement_met": true
  },
  "timestamp": "2026-06-07T20:44:11.331021"
}